,difference,num_features,aw,bw,ab,bb,cm,epsilon,samples,simulations
0,-0.24461157663682215,19.0,3.0,2.0,5.0,1.0,4.0,1.0,1000.0,1000.0
1,1.585539664528304,7.0,8.0,4.0,3.0,8.0,1.0,3.0,1000.0,1000.0
2,0.932311941827575,18.0,8.0,3.0,4.0,9.0,1.0,2.0,1000.0,1000.0
3,0.0495780596913533,16.0,8.0,8.0,8.0,8.0,3.0,2.0,1000.0,1000.0
4,0.4020225656011313,15.0,6.0,6.0,9.0,2.0,1.0,2.0,1000.0,1000.0
5,-0.1677781983530334,8.0,9.0,1.0,9.0,9.0,3.0,1.0,1000.0,1000.0
6,2.2935928607211165,13.0,9.0,8.0,1.0,8.0,3.0,1.0,1000.0,1000.0
7,0.9123795562615604,14.0,2.0,5.0,1.0,5.0,1.0,1.0,1000.0,1000.0
8,-1.5241210825822313,5.0,9.0,8.0,3.0,6.0,3.0,3.0,1000.0,1000.0
9,0.6349377196026678,12.0,4.0,6.0,4.0,7.0,1.0,2.0,1000.0,1000.0
10,-0.35371815573881543,15.0,2.0,1.0,4.0,6.0,3.0,1.0,1000.0,1000.0
11,-0.3191182645585809,11.0,9.0,1.0,3.0,2.0,3.0,3.0,1000.0,1000.0
12,-0.40195512916652565,9.0,6.0,6.0,3.0,5.0,3.0,1.0,1000.0,1000.0
13,0.13570035641948955,13.0,3.0,8.0,8.0,9.0,2.0,2.0,1000.0,1000.0
14,0.9287973246908114,16.0,3.0,3.0,5.0,6.0,3.0,3.0,1000.0,1000.0
15,-2.0861803119072264,10.0,8.0,7.0,8.0,4.0,3.0,3.0,1000.0,1000.0
16,-0.7851825529811034,6.0,1.0,8.0,5.0,3.0,3.0,2.0,1000.0,1000.0
17,-2.4293465625261814,13.0,3.0,7.0,6.0,4.0,4.0,3.0,1000.0,1000.0
18,-0.1740663940950794,16.0,2.0,1.0,5.0,4.0,3.0,2.0,1000.0,1000.0
19,0.4157119612895401,5.0,9.0,1.0,4.0,5.0,1.0,3.0,1000.0,1000.0
20,0.5647349428347779,15.0,3.0,8.0,3.0,8.0,2.0,3.0,1000.0,1000.0
21,1.5311974527513854,9.0,6.0,1.0,4.0,7.0,2.0,3.0,1000.0,1000.0
22,-0.05764821521610195,8.0,8.0,4.0,5.0,2.0,1.0,1.0,1000.0,1000.0
23,0.8367628653358383,17.0,2.0,7.0,2.0,9.0,3.0,3.0,1000.0,1000.0
24,1.9330957495497776,13.0,4.0,8.0,1.0,5.0,1.0,3.0,1000.0,1000.0
25,-0.3222814216389163,10.0,8.0,2.0,6.0,7.0,3.0,3.0,1000.0,1000.0
26,-0.04543386588680617,14.0,5.0,3.0,8.0,3.0,2.0,2.0,1000.0,1000.0
27,-1.1487447275657507,16.0,2.0,2.0,9.0,1.0,3.0,3.0,1000.0,1000.0
28,-1.460114783784157,7.0,8.0,1.0,7.0,2.0,2.0,2.0,1000.0,1000.0
29,-0.23778310188592885,17.0,2.0,7.0,3.0,8.0,4.0,2.0,1000.0,1000.0
30,0.7874326505164789,19.0,7.0,7.0,2.0,2.0,2.0,1.0,1000.0,1000.0
31,0.7672615759098008,18.0,1.0,8.0,1.0,1.0,4.0,1.0,1000.0,1000.0
32,-0.05744531731264407,8.0,9.0,8.0,2.0,3.0,3.0,1.0,1000.0,1000.0
33,-0.3197284046667132,7.0,8.0,7.0,1.0,3.0,2.0,3.0,1000.0,1000.0
34,-1.952158510093063,13.0,1.0,1.0,4.0,2.0,3.0,3.0,1000.0,1000.0
35,1.9202523013079422,10.0,6.0,1.0,1.0,6.0,2.0,3.0,1000.0,1000.0
36,-0.271711442494627,8.0,3.0,8.0,5.0,3.0,2.0,1.0,1000.0,1000.0
37,0.3255907656012647,8.0,1.0,3.0,2.0,3.0,1.0,3.0,1000.0,1000.0
38,-0.13692764451872746,12.0,5.0,9.0,7.0,9.0,3.0,2.0,1000.0,1000.0
39,0.6892134153848395,12.0,8.0,3.0,3.0,1.0,2.0,3.0,1000.0,1000.0
40,0.034111482698393834,5.0,6.0,8.0,3.0,3.0,1.0,1.0,1000.0,1000.0
41,-1.2697058895323614,15.0,3.0,8.0,7.0,4.0,4.0,2.0,1000.0,1000.0
42,0.9864845363853374,17.0,7.0,3.0,1.0,1.0,3.0,1.0,1000.0,1000.0
43,0.8443781148472937,18.0,6.0,4.0,5.0,7.0,3.0,3.0,1000.0,1000.0
44,1.5674026133339807,19.0,4.0,2.0,1.0,1.0,1.0,1.0,1000.0,1000.0
45,-1.6141116704128937,6.0,5.0,4.0,4.0,6.0,3.0,2.0,1000.0,1000.0
46,-0.41059490600811854,8.0,2.0,8.0,9.0,8.0,4.0,1.0,1000.0,1000.0
47,-0.20385679871722792,14.0,4.0,8.0,6.0,7.0,4.0,1.0,1000.0,1000.0
48,-0.44868251946791265,11.0,5.0,2.0,8.0,4.0,4.0,1.0,1000.0,1000.0
49,0.20501901531889058,12.0,1.0,6.0,3.0,4.0,1.0,2.0,1000.0,1000.0
50,1.035947661972773,16.0,6.0,7.0,1.0,5.0,2.0,1.0,1000.0,1000.0
51,-0.07997641854207878,17.0,7.0,2.0,3.0,1.0,4.0,1.0,1000.0,1000.0
52,0.42484106419806245,14.0,2.0,8.0,3.0,3.0,1.0,3.0,1000.0,1000.0
53,2.297712249250646,15.0,7.0,2.0,2.0,6.0,1.0,3.0,1000.0,1000.0
54,-0.21208334916006633,15.0,5.0,4.0,5.0,8.0,1.0,1.0,1000.0,1000.0
55,0.3773884697852354,19.0,1.0,4.0,2.0,3.0,1.0,3.0,1000.0,1000.0
56,-1.422166810937516,9.0,3.0,4.0,9.0,4.0,2.0,3.0,1000.0,1000.0
57,0.4167720652563258,18.0,9.0,8.0,8.0,9.0,1.0,3.0,1000.0,1000.0
58,-2.162289662872797,6.0,7.0,7.0,6.0,8.0,3.0,3.0,1000.0,1000.0
59,-0.3299006963291871,18.0,8.0,4.0,7.0,6.0,4.0,1.0,1000.0,1000.0
60,-0.24876421811088542,18.0,5.0,1.0,7.0,8.0,2.0,2.0,1000.0,1000.0
61,-2.368163050116783,7.0,7.0,8.0,9.0,6.0,4.0,3.0,1000.0,1000.0
62,-0.5297735321924958,5.0,1.0,6.0,9.0,4.0,3.0,1.0,1000.0,1000.0
63,-0.23107286476031744,16.0,1.0,6.0,7.0,4.0,2.0,1.0,1000.0,1000.0
64,-0.348196337870194,17.0,7.0,6.0,5.0,1.0,3.0,2.0,1000.0,1000.0
65,-1.555475969580214,6.0,6.0,7.0,2.0,7.0,4.0,3.0,1000.0,1000.0
66,-0.32728072699296357,5.0,5.0,8.0,8.0,8.0,2.0,2.0,1000.0,1000.0
67,-0.38784109368483993,19.0,9.0,1.0,6.0,9.0,4.0,1.0,1000.0,1000.0
68,-0.23978822914537926,12.0,6.0,2.0,5.0,2.0,2.0,2.0,1000.0,1000.0
69,-0.3967263817355336,6.0,8.0,2.0,5.0,6.0,3.0,1.0,1000.0,1000.0
70,0.3682669205615492,16.0,8.0,3.0,6.0,5.0,2.0,3.0,1000.0,1000.0
71,-0.22618646254542657,8.0,3.0,9.0,9.0,8.0,2.0,1.0,1000.0,1000.0
72,2.0503274349159946,18.0,3.0,4.0,2.0,9.0,1.0,2.0,1000.0,1000.0
73,-1.0516525797271687,19.0,3.0,5.0,9.0,7.0,4.0,3.0,1000.0,1000.0
74,0.14441688553257234,14.0,4.0,3.0,5.0,6.0,3.0,2.0,1000.0,1000.0
75,-0.5437468580050983,5.0,9.0,8.0,5.0,6.0,2.0,2.0,1000.0,1000.0
76,-0.24221038382060162,12.0,4.0,1.0,4.0,5.0,4.0,1.0,1000.0,1000.0
77,0.7929638948930772,17.0,7.0,3.0,3.0,8.0,2.0,1.0,1000.0,1000.0
78,0.49239492346537517,6.0,9.0,5.0,8.0,8.0,1.0,3.0,1000.0,1000.0
79,0.7700268297118544,11.0,7.0,5.0,2.0,1.0,1.0,2.0,1000.0,1000.0
80,-0.12821189910098943,6.0,2.0,9.0,7.0,2.0,1.0,1.0,1000.0,1000.0
81,-0.2654686026314057,12.0,1.0,6.0,4.0,9.0,4.0,1.0,1000.0,1000.0
82,-0.23964814343465518,10.0,1.0,2.0,7.0,1.0,3.0,1.0,1000.0,1000.0
83,0.5120993743868526,13.0,9.0,7.0,2.0,4.0,4.0,2.0,1000.0,1000.0
84,-0.22745026330948298,14.0,9.0,7.0,9.0,9.0,2.0,1.0,1000.0,1000.0
85,-0.771978118305044,10.0,9.0,7.0,6.0,6.0,3.0,3.0,1000.0,1000.0
86,0.17207152510594467,9.0,5.0,8.0,5.0,4.0,1.0,2.0,1000.0,1000.0
87,0.32785853984656155,7.0,2.0,2.0,4.0,3.0,2.0,2.0,1000.0,1000.0
88,-0.24726849631933567,9.0,6.0,9.0,8.0,3.0,3.0,1.0,1000.0,1000.0
89,0.6855737322811687,7.0,5.0,7.0,3.0,8.0,2.0,2.0,1000.0,1000.0
90,1.6078565878986255,19.0,5.0,7.0,1.0,9.0,3.0,3.0,1000.0,1000.0
91,0.3251174485971267,6.0,6.0,8.0,1.0,2.0,1.0,3.0,1000.0,1000.0
92,-0.07234295754389546,17.0,1.0,1.0,4.0,1.0,2.0,1.0,1000.0,1000.0
93,-1.7330250681838808,6.0,2.0,6.0,4.0,3.0,3.0,3.0,1000.0,1000.0
94,0.5628504887301565,19.0,5.0,6.0,5.0,8.0,2.0,1.0,1000.0,1000.0
95,1.288627835209797,15.0,4.0,9.0,1.0,6.0,2.0,1.0,1000.0,1000.0
96,0.637388996866559,12.0,2.0,5.0,4.0,5.0,1.0,3.0,1000.0,1000.0
97,0.7555740022649354,11.0,6.0,6.0,1.0,5.0,3.0,3.0,1000.0,1000.0
98,0.20612152777269524,17.0,8.0,6.0,6.0,1.0,1.0,2.0,1000.0,1000.0
99,-0.6999609001062708,6.0,6.0,6.0,4.0,7.0,3.0,2.0,1000.0,1000.0
100,-0.18688951323009959,12.0,5.0,1.0,5.0,3.0,2.0,1.0,1000.0,1000.0
101,-0.39311984319578436,14.0,5.0,6.0,2.0,3.0,4.0,1.0,1000.0,1000.0
102,-0.5162332668497226,9.0,9.0,2.0,5.0,8.0,3.0,2.0,1000.0,1000.0
103,-0.10981280210449432,18.0,2.0,2.0,9.0,1.0,2.0,1.0,1000.0,1000.0
104,2.3524582130203515,10.0,5.0,2.0,2.0,9.0,2.0,3.0,1000.0,1000.0
105,0.1781879214083321,11.0,2.0,3.0,2.0,3.0,3.0,2.0,1000.0,1000.0
106,2.336554616641698,17.0,9.0,4.0,1.0,3.0,1.0,2.0,1000.0,1000.0
107,1.6118348877844568,12.0,4.0,2.0,3.0,4.0,2.0,3.0,1000.0,1000.0
108,0.8252679734725791,14.0,7.0,8.0,3.0,9.0,4.0,1.0,1000.0,1000.0
109,0.8099960280807555,12.0,3.0,1.0,1.0,4.0,4.0,2.0,1000.0,1000.0
110,-0.6783605364195194,15.0,8.0,8.0,5.0,2.0,4.0,2.0,1000.0,1000.0
111,-1.8325568671795351,7.0,2.0,1.0,2.0,2.0,4.0,3.0,1000.0,1000.0
112,-0.17109769740290384,6.0,9.0,6.0,7.0,2.0,1.0,1.0,1000.0,1000.0
113,-0.48142953054971804,16.0,4.0,4.0,7.0,9.0,4.0,3.0,1000.0,1000.0
114,-1.9305156257816622,10.0,4.0,3.0,7.0,5.0,3.0,3.0,1000.0,1000.0
115,-0.12460795712566135,7.0,5.0,7.0,8.0,9.0,3.0,1.0,1000.0,1000.0
116,-2.6254692038209795,16.0,8.0,3.0,7.0,1.0,4.0,3.0,1000.0,1000.0
117,0.015540756300479802,5.0,8.0,2.0,9.0,3.0,1.0,2.0,1000.0,1000.0
118,-0.04343794160984687,15.0,3.0,8.0,5.0,4.0,2.0,1.0,1000.0,1000.0
119,-0.26689435758242525,13.0,4.0,7.0,5.0,3.0,4.0,1.0,1000.0,1000.0
120,-0.04422567261839354,15.0,4.0,2.0,5.0,6.0,3.0,2.0,1000.0,1000.0
121,-1.3825586618075743,8.0,3.0,4.0,6.0,2.0,2.0,3.0,1000.0,1000.0
122,2.079683813588567,19.0,8.0,4.0,1.0,9.0,3.0,3.0,1000.0,1000.0
123,0.03348447682574968,17.0,1.0,4.0,5.0,3.0,2.0,2.0,1000.0,1000.0
124,-1.5684563838386276,16.0,6.0,1.0,5.0,1.0,4.0,2.0,1000.0,1000.0
125,-1.7171101569059168,11.0,9.0,7.0,9.0,5.0,4.0,2.0,1000.0,1000.0
126,1.5087552638950223,19.0,3.0,1.0,1.0,4.0,4.0,3.0,1000.0,1000.0
127,-1.1936800630271287,19.0,9.0,9.0,6.0,3.0,4.0,2.0,1000.0,1000.0
128,-0.5661663864486194,17.0,8.0,4.0,8.0,9.0,4.0,2.0,1000.0,1000.0
129,-2.3049567525224144,5.0,9.0,9.0,5.0,5.0,4.0,3.0,1000.0,1000.0
130,-1.2986208607220584,8.0,3.0,6.0,9.0,8.0,4.0,2.0,1000.0,1000.0
131,0.47576184433873075,15.0,4.0,5.0,8.0,7.0,1.0,3.0,1000.0,1000.0
132,-0.13787037027573534,18.0,4.0,8.0,4.0,2.0,3.0,2.0,1000.0,1000.0
133,-0.0973915297804515,12.0,1.0,9.0,5.0,2.0,1.0,2.0,1000.0,1000.0
134,-0.17080322650957933,10.0,5.0,5.0,6.0,6.0,2.0,1.0,1000.0,1000.0
135,-1.0825941016333687,16.0,2.0,7.0,5.0,5.0,4.0,2.0,1000.0,1000.0
136,0.6375672126867185,19.0,3.0,6.0,3.0,3.0,4.0,2.0,1000.0,1000.0
137,-0.17277206077100773,19.0,9.0,3.0,4.0,6.0,4.0,1.0,1000.0,1000.0
138,0.5355540570018402,19.0,2.0,1.0,2.0,2.0,3.0,1.0,1000.0,1000.0
139,1.882358320822877,19.0,6.0,4.0,2.0,6.0,2.0,3.0,1000.0,1000.0
140,-1.3099878221953334,5.0,7.0,1.0,3.0,1.0,2.0,2.0,1000.0,1000.0
141,1.0645254476249502,17.0,7.0,2.0,3.0,7.0,3.0,2.0,1000.0,1000.0
142,0.4412966593731086,15.0,9.0,5.0,3.0,9.0,3.0,1.0,1000.0,1000.0
143,0.1335969996325219,5.0,9.0,7.0,8.0,9.0,1.0,2.0,1000.0,1000.0
144,0.8505660344657351,9.0,8.0,2.0,5.0,7.0,2.0,3.0,1000.0,1000.0
145,-1.0774826031202116,5.0,6.0,9.0,7.0,4.0,4.0,2.0,1000.0,1000.0
146,0.44395550391520666,13.0,5.0,5.0,4.0,2.0,2.0,3.0,1000.0,1000.0
147,-0.18891259466354463,7.0,6.0,5.0,8.0,2.0,3.0,1.0,1000.0,1000.0
148,-1.2977568854740127,6.0,1.0,5.0,3.0,7.0,3.0,3.0,1000.0,1000.0
149,0.0396879874154025,18.0,6.0,8.0,7.0,1.0,2.0,1.0,1000.0,1000.0
150,0.673237983150506,14.0,1.0,2.0,6.0,8.0,1.0,2.0,1000.0,1000.0
151,-1.2613890388065079,6.0,2.0,2.0,8.0,7.0,2.0,3.0,1000.0,1000.0
152,2.9230524387195653,18.0,9.0,2.0,1.0,5.0,1.0,2.0,1000.0,1000.0
153,-0.07127513521473536,6.0,6.0,6.0,6.0,5.0,1.0,1.0,1000.0,1000.0
154,-0.2320590779368074,6.0,3.0,4.0,2.0,6.0,4.0,2.0,1000.0,1000.0
155,0.15904272124223162,10.0,1.0,6.0,7.0,7.0,1.0,3.0,1000.0,1000.0
156,-0.1234998473640608,5.0,8.0,3.0,5.0,6.0,1.0,1.0,1000.0,1000.0
157,-1.0771601736240568,15.0,3.0,4.0,5.0,5.0,4.0,2.0,1000.0,1000.0
158,-0.22535858602008138,9.0,5.0,8.0,2.0,1.0,2.0,2.0,1000.0,1000.0
159,0.9474120982789491,8.0,8.0,1.0,1.0,2.0,2.0,3.0,1000.0,1000.0
160,-0.18818651442378265,6.0,4.0,6.0,8.0,7.0,1.0,1.0,1000.0,1000.0
161,2.812906052163486,16.0,7.0,3.0,1.0,9.0,1.0,3.0,1000.0,1000.0
162,1.224336792727154,17.0,6.0,7.0,1.0,1.0,1.0,2.0,1000.0,1000.0
163,0.2148726709019148,11.0,8.0,1.0,5.0,7.0,4.0,2.0,1000.0,1000.0
164,0.002105992177848079,15.0,7.0,6.0,8.0,5.0,1.0,1.0,1000.0,1000.0
165,0.47789541681604863,15.0,1.0,3.0,3.0,7.0,3.0,2.0,1000.0,1000.0
166,-0.18214518681921216,8.0,2.0,7.0,8.0,1.0,4.0,1.0,1000.0,1000.0
167,-1.7025174718978138,8.0,9.0,5.0,7.0,1.0,3.0,2.0,1000.0,1000.0
168,-0.30182249494720675,10.0,6.0,9.0,7.0,3.0,4.0,1.0,1000.0,1000.0
169,-0.2216058707027044,7.0,6.0,3.0,6.0,7.0,2.0,1.0,1000.0,1000.0
170,0.835131998450172,10.0,9.0,8.0,2.0,3.0,3.0,1.0,1000.0,1000.0
171,0.7620410121038671,16.0,5.0,4.0,6.0,6.0,1.0,3.0,1000.0,1000.0
172,-0.00917582631994653,16.0,8.0,9.0,4.0,3.0,2.0,1.0,1000.0,1000.0
173,0.7802577386045457,10.0,4.0,2.0,8.0,6.0,1.0,2.0,1000.0,1000.0
174,-0.1460258550217545,13.0,3.0,3.0,8.0,9.0,3.0,3.0,1000.0,1000.0
175,0.5503680852545051,9.0,9.0,1.0,1.0,1.0,4.0,2.0,1000.0,1000.0
176,0.43857430588722107,8.0,7.0,7.0,1.0,7.0,4.0,2.0,1000.0,1000.0
177,-0.7196853333027814,8.0,1.0,8.0,8.0,9.0,4.0,2.0,1000.0,1000.0
178,-0.17269691938923243,6.0,5.0,9.0,1.0,3.0,4.0,2.0,1000.0,1000.0
179,0.4653479807135148,13.0,1.0,2.0,7.0,8.0,2.0,3.0,1000.0,1000.0
180,-0.3375012009589138,16.0,9.0,1.0,6.0,5.0,4.0,3.0,1000.0,1000.0
181,0.23776191003199423,15.0,6.0,7.0,7.0,4.0,1.0,2.0,1000.0,1000.0
182,-0.3755138140582637,11.0,9.0,1.0,6.0,8.0,4.0,1.0,1000.0,1000.0
183,-0.47211271939874716,7.0,8.0,6.0,7.0,5.0,3.0,1.0,1000.0,1000.0
184,-1.0494882432306467,11.0,3.0,6.0,3.0,8.0,4.0,2.0,1000.0,1000.0
185,-0.15135225728648014,12.0,6.0,9.0,9.0,6.0,1.0,2.0,1000.0,1000.0
186,0.34457924956209424,9.0,5.0,9.0,6.0,8.0,1.0,2.0,1000.0,1000.0
187,0.5941318747312679,11.0,1.0,3.0,1.0,4.0,2.0,1.0,1000.0,1000.0
188,-1.4155702712037943,15.0,3.0,8.0,7.0,5.0,4.0,2.0,1000.0,1000.0
189,-0.4295245742937735,11.0,1.0,4.0,6.0,5.0,3.0,1.0,1000.0,1000.0
190,0.9088371234864989,15.0,2.0,3.0,3.0,6.0,1.0,2.0,1000.0,1000.0
191,0.010190060909181805,12.0,9.0,5.0,8.0,3.0,1.0,1.0,1000.0,1000.0
192,0.10242629962872823,7.0,1.0,2.0,1.0,6.0,2.0,3.0,1000.0,1000.0
193,-0.27211328463513806,6.0,2.0,4.0,9.0,5.0,2.0,1.0,1000.0,1000.0
194,-0.12457458637513015,18.0,8.0,5.0,7.0,4.0,3.0,1.0,1000.0,1000.0
195,0.33111188884873016,9.0,9.0,5.0,4.0,5.0,3.0,1.0,1000.0,1000.0
196,-2.5898171811355972,17.0,1.0,1.0,6.0,3.0,4.0,3.0,1000.0,1000.0
197,-0.05122359684467047,19.0,5.0,9.0,3.0,2.0,2.0,1.0,1000.0,1000.0
198,-1.1704921047866115,13.0,3.0,9.0,9.0,9.0,4.0,2.0,1000.0,1000.0
199,1.8183278051311895,8.0,6.0,3.0,2.0,6.0,1.0,2.0,1000.0,1000.0
200,-0.15685724328266307,9.0,9.0,6.0,6.0,9.0,2.0,1.0,1000.0,1000.0
201,-0.09323196772027012,14.0,6.0,7.0,6.0,2.0,1.0,2.0,1000.0,1000.0
202,-2.4941936524026254,9.0,9.0,8.0,9.0,6.0,3.0,3.0,1000.0,1000.0
203,0.5438406665920011,17.0,4.0,7.0,4.0,3.0,3.0,3.0,1000.0,1000.0
204,0.33295088602623907,18.0,1.0,4.0,1.0,3.0,3.0,2.0,1000.0,1000.0
205,-1.736457945943782,15.0,6.0,6.0,5.0,2.0,4.0,2.0,1000.0,1000.0
206,1.733152920996549,11.0,6.0,3.0,2.0,7.0,3.0,1.0,1000.0,1000.0
207,-0.688058584298213,7.0,3.0,7.0,3.0,3.0,2.0,3.0,1000.0,1000.0
208,-0.731333315134033,13.0,7.0,3.0,2.0,1.0,4.0,3.0,1000.0,1000.0
209,-0.380968233764489,8.0,4.0,5.0,1.0,5.0,3.0,3.0,1000.0,1000.0
210,-0.02074301704124229,10.0,2.0,6.0,4.0,3.0,2.0,2.0,1000.0,1000.0
211,1.855566424361833,7.0,4.0,1.0,2.0,9.0,2.0,1.0,1000.0,1000.0
212,1.0074140033842007,17.0,7.0,1.0,6.0,8.0,1.0,3.0,1000.0,1000.0
213,0.0018707214667615182,19.0,2.0,1.0,8.0,2.0,1.0,1.0,1000.0,1000.0
214,-0.17344391436600975,6.0,4.0,6.0,4.0,4.0,4.0,1.0,1000.0,1000.0
215,-1.385102463976994,9.0,5.0,9.0,8.0,7.0,4.0,2.0,1000.0,1000.0
216,0.20609353933752136,16.0,2.0,9.0,1.0,3.0,4.0,2.0,1000.0,1000.0
217,-2.684094981099973,18.0,3.0,3.0,8.0,2.0,4.0,3.0,1000.0,1000.0
218,-0.8931146873169573,5.0,3.0,7.0,8.0,5.0,2.0,2.0,1000.0,1000.0
219,-0.06661049519498644,10.0,7.0,3.0,9.0,4.0,2.0,2.0,1000.0,1000.0
220,0.44295313923493673,13.0,8.0,8.0,1.0,1.0,4.0,2.0,1000.0,1000.0
221,-0.3632968747646069,8.0,5.0,3.0,7.0,7.0,3.0,1.0,1000.0,1000.0
222,1.3536295893589918,6.0,8.0,8.0,2.0,8.0,3.0,1.0,1000.0,1000.0
223,-0.8023902494473397,10.0,2.0,5.0,6.0,5.0,2.0,3.0,1000.0,1000.0
224,-2.32521724990289,11.0,7.0,1.0,3.0,4.0,4.0,3.0,1000.0,1000.0
225,-0.35574967769512716,9.0,8.0,6.0,2.0,1.0,4.0,1.0,1000.0,1000.0
226,-0.403281571136969,7.0,6.0,7.0,3.0,7.0,3.0,3.0,1000.0,1000.0
227,-1.2577306590107975,8.0,5.0,4.0,9.0,3.0,2.0,2.0,1000.0,1000.0
228,-0.8031303931117193,13.0,2.0,8.0,7.0,1.0,2.0,2.0,1000.0,1000.0
229,0.9144891451824327,18.0,6.0,9.0,4.0,8.0,1.0,3.0,1000.0,1000.0
230,0.5377422937054913,19.0,5.0,3.0,2.0,8.0,4.0,3.0,1000.0,1000.0
231,-2.227036834040642,12.0,4.0,8.0,8.0,7.0,4.0,3.0,1000.0,1000.0
232,-0.34465940221796226,16.0,7.0,2.0,9.0,1.0,4.0,1.0,1000.0,1000.0
233,-1.510784686154396,18.0,2.0,5.0,8.0,6.0,4.0,2.0,1000.0,1000.0
234,-0.6155389332846041,10.0,8.0,9.0,1.0,9.0,4.0,3.0,1000.0,1000.0
235,0.5216468892573034,10.0,1.0,1.0,2.0,3.0,3.0,2.0,1000.0,1000.0
236,-1.1445538220849794,11.0,4.0,9.0,7.0,3.0,3.0,2.0,1000.0,1000.0
237,-0.1516911966422097,17.0,1.0,8.0,8.0,9.0,1.0,1.0,1000.0,1000.0
238,-0.2783563824159185,8.0,9.0,8.0,3.0,8.0,4.0,2.0,1000.0,1000.0
239,-0.9061512868012309,16.0,5.0,1.0,8.0,5.0,4.0,2.0,1000.0,1000.0
240,-0.007884316536912628,11.0,7.0,4.0,3.0,3.0,3.0,1.0,1000.0,1000.0
241,2.5020179918692342,12.0,9.0,6.0,1.0,6.0,2.0,2.0,1000.0,1000.0
242,-0.9720006690352075,19.0,2.0,8.0,7.0,8.0,4.0,3.0,1000.0,1000.0
243,-1.360998972144292,6.0,9.0,1.0,4.0,8.0,3.0,2.0,1000.0,1000.0
244,-0.2802290964605951,5.0,4.0,6.0,5.0,8.0,2.0,1.0,1000.0,1000.0
245,0.5980920885270478,11.0,7.0,9.0,5.0,2.0,1.0,2.0,1000.0,1000.0
246,0.6902210671406751,11.0,9.0,6.0,5.0,7.0,4.0,1.0,1000.0,1000.0
247,-0.015017138632292894,10.0,4.0,6.0,3.0,2.0,1.0,1.0,1000.0,1000.0
248,0.2112412442114682,10.0,2.0,8.0,5.0,6.0,2.0,2.0,1000.0,1000.0
249,-0.5625740012765644,7.0,7.0,2.0,5.0,8.0,3.0,2.0,1000.0,1000.0
250,-0.08321885290476963,18.0,2.0,8.0,7.0,1.0,2.0,1.0,1000.0,1000.0
251,-0.17088338873607362,8.0,9.0,6.0,9.0,4.0,1.0,2.0,1000.0,1000.0
252,0.07151722704855297,10.0,5.0,6.0,8.0,5.0,2.0,2.0,1000.0,1000.0
253,-1.4478929939802816,11.0,7.0,9.0,4.0,6.0,4.0,3.0,1000.0,1000.0
254,0.2595549870316093,18.0,4.0,9.0,5.0,7.0,1.0,3.0,1000.0,1000.0
255,-0.7239665504482607,17.0,9.0,9.0,6.0,6.0,4.0,2.0,1000.0,1000.0
256,-0.13392411125509274,18.0,5.0,6.0,9.0,2.0,2.0,1.0,1000.0,1000.0
257,-0.16907760407297018,18.0,1.0,3.0,7.0,5.0,2.0,2.0,1000.0,1000.0
258,-0.13640367165865308,18.0,8.0,6.0,7.0,5.0,3.0,2.0,1000.0,1000.0
259,-0.13969176214835854,6.0,6.0,8.0,1.0,6.0,2.0,3.0,1000.0,1000.0
260,-2.353416545218852,14.0,3.0,9.0,9.0,8.0,4.0,3.0,1000.0,1000.0
261,0.18592752886671465,17.0,7.0,7.0,4.0,4.0,2.0,2.0,1000.0,1000.0
262,0.8323684683839842,10.0,8.0,1.0,3.0,8.0,1.0,2.0,1000.0,1000.0
263,-0.30159666801977975,17.0,7.0,3.0,5.0,5.0,4.0,1.0,1000.0,1000.0
264,0.43863430898822203,8.0,3.0,4.0,5.0,4.0,1.0,3.0,1000.0,1000.0
265,0.8348544420300046,8.0,5.0,3.0,4.0,7.0,1.0,2.0,1000.0,1000.0
266,-0.24677043176081692,18.0,5.0,2.0,4.0,4.0,3.0,1.0,1000.0,1000.0
267,1.213590650749106,19.0,9.0,3.0,2.0,7.0,2.0,1.0,1000.0,1000.0
268,-0.13302562596432838,6.0,1.0,3.0,9.0,3.0,3.0,1.0,1000.0,1000.0
269,-0.014864671690505524,12.0,6.0,2.0,6.0,9.0,4.0,2.0,1000.0,1000.0
270,-0.25263250233147744,19.0,1.0,5.0,8.0,7.0,4.0,1.0,1000.0,1000.0
271,-0.13188630929580245,11.0,7.0,1.0,2.0,1.0,2.0,1.0,1000.0,1000.0
272,0.11214796347282426,16.0,7.0,2.0,5.0,9.0,1.0,1.0,1000.0,1000.0
273,0.3431984504858793,18.0,3.0,9.0,3.0,5.0,2.0,3.0,1000.0,1000.0
274,-1.741457532417716,12.0,8.0,6.0,9.0,1.0,3.0,2.0,1000.0,1000.0
275,1.0829188063069473,12.0,7.0,3.0,4.0,5.0,1.0,3.0,1000.0,1000.0
276,-2.519954761582682,5.0,9.0,4.0,5.0,9.0,4.0,3.0,1000.0,1000.0
277,0.9532109116199828,9.0,4.0,5.0,1.0,2.0,1.0,3.0,1000.0,1000.0
278,-0.18918659882105848,8.0,3.0,5.0,9.0,1.0,1.0,1.0,1000.0,1000.0
279,-1.9777144157969757,10.0,5.0,7.0,1.0,2.0,4.0,3.0,1000.0,1000.0
280,-1.8034551791473363,5.0,4.0,3.0,8.0,8.0,4.0,2.0,1000.0,1000.0
281,-1.2282682196379764,6.0,5.0,8.0,8.0,9.0,3.0,2.0,1000.0,1000.0
282,-0.12671186498300677,10.0,2.0,7.0,8.0,4.0,1.0,2.0,1000.0,1000.0
283,-0.055949643579448344,14.0,3.0,5.0,6.0,2.0,1.0,1.0,1000.0,1000.0
284,-0.12875529791134316,14.0,3.0,6.0,1.0,1.0,4.0,3.0,1000.0,1000.0
285,0.8198911397264597,9.0,1.0,2.0,1.0,6.0,4.0,1.0,1000.0,1000.0
286,-2.214860530332576,11.0,1.0,5.0,8.0,2.0,2.0,3.0,1000.0,1000.0
287,-0.8034054964978096,7.0,7.0,3.0,6.0,2.0,2.0,2.0,1000.0,1000.0
288,2.036716204723256,12.0,6.0,8.0,1.0,8.0,1.0,3.0,1000.0,1000.0
289,0.025170127478422705,11.0,4.0,8.0,8.0,9.0,1.0,3.0,1000.0,1000.0
290,0.4167573792065935,12.0,9.0,2.0,7.0,6.0,3.0,3.0,1000.0,1000.0
291,1.087452308003858,16.0,9.0,9.0,1.0,2.0,2.0,1.0,1000.0,1000.0
292,2.279154180101107,18.0,8.0,4.0,1.0,8.0,1.0,2.0,1000.0,1000.0
293,-0.3338764573213748,11.0,4.0,1.0,5.0,8.0,3.0,1.0,1000.0,1000.0
294,3.212553098910579,9.0,5.0,1.0,1.0,9.0,1.0,3.0,1000.0,1000.0
295,-0.15181769270020506,17.0,8.0,5.0,9.0,1.0,2.0,1.0,1000.0,1000.0
296,-1.7817401072560237,8.0,1.0,4.0,9.0,4.0,2.0,3.0,1000.0,1000.0
297,-0.10630640397097525,6.0,6.0,3.0,5.0,9.0,2.0,1.0,1000.0,1000.0
298,0.4364618232039948,5.0,8.0,5.0,4.0,9.0,2.0,2.0,1000.0,1000.0
299,-0.9499462643346139,9.0,4.0,4.0,9.0,2.0,2.0,2.0,1000.0,1000.0
300,-0.23809093838862394,11.0,5.0,4.0,7.0,6.0,1.0,1.0,1000.0,1000.0
301,0.5392439817520823,17.0,8.0,2.0,3.0,7.0,2.0,1.0,1000.0,1000.0
302,-1.0810481164398047,14.0,1.0,3.0,5.0,1.0,4.0,2.0,1000.0,1000.0
303,0.20109741384608984,10.0,9.0,9.0,9.0,6.0,2.0,3.0,1000.0,1000.0
304,0.20202953964573206,13.0,1.0,3.0,7.0,1.0,1.0,3.0,1000.0,1000.0
305,2.3298905948173427,15.0,9.0,3.0,1.0,5.0,2.0,1.0,1000.0,1000.0
306,0.22318713986005545,14.0,5.0,1.0,9.0,4.0,2.0,3.0,1000.0,1000.0
307,0.9925860879727728,18.0,6.0,8.0,4.0,3.0,2.0,2.0,1000.0,1000.0
308,-0.16873028559888464,18.0,4.0,6.0,5.0,4.0,1.0,1.0,1000.0,1000.0
309,0.42472191133127973,12.0,3.0,1.0,3.0,1.0,2.0,3.0,1000.0,1000.0
310,-2.4634632456732914,5.0,6.0,3.0,6.0,8.0,4.0,3.0,1000.0,1000.0
311,1.05776188380104,15.0,7.0,5.0,3.0,1.0,1.0,3.0,1000.0,1000.0
312,-1.8897396731908194,10.0,7.0,3.0,9.0,4.0,4.0,2.0,1000.0,1000.0
313,-2.2082326703939996,8.0,4.0,7.0,8.0,3.0,4.0,3.0,1000.0,1000.0
314,2.1464825553524345,15.0,4.0,4.0,1.0,5.0,4.0,2.0,1000.0,1000.0
315,1.764620760499451,10.0,2.0,2.0,4.0,9.0,1.0,2.0,1000.0,1000.0
316,0.08131087776078649,15.0,6.0,7.0,9.0,3.0,1.0,3.0,1000.0,1000.0
317,0.8094946112466491,7.0,4.0,9.0,1.0,6.0,1.0,1.0,1000.0,1000.0
318,0.7994830371587415,17.0,9.0,7.0,5.0,9.0,3.0,3.0,1000.0,1000.0
319,0.6785782328089089,19.0,2.0,2.0,2.0,4.0,1.0,1.0,1000.0,1000.0
320,1.2871745652932187,12.0,5.0,4.0,1.0,9.0,2.0,1.0,1000.0,1000.0
321,0.8826248836434155,19.0,9.0,8.0,4.0,7.0,4.0,2.0,1000.0,1000.0
322,-1.438938792910146,7.0,5.0,5.0,4.0,2.0,4.0,2.0,1000.0,1000.0
323,-0.5651261035115756,9.0,7.0,4.0,7.0,2.0,3.0,2.0,1000.0,1000.0
324,0.25921647377545387,13.0,6.0,4.0,8.0,8.0,2.0,2.0,1000.0,1000.0
325,-0.12345189303604479,19.0,9.0,9.0,8.0,7.0,3.0,1.0,1000.0,1000.0
326,3.390801186096637,19.0,6.0,1.0,1.0,7.0,3.0,3.0,1000.0,1000.0
327,-0.06426797509416077,19.0,7.0,9.0,7.0,1.0,1.0,3.0,1000.0,1000.0
328,0.660724897453791,5.0,5.0,4.0,5.0,9.0,1.0,2.0,1000.0,1000.0
329,-0.9852041612021626,8.0,1.0,6.0,6.0,3.0,3.0,2.0,1000.0,1000.0
330,-2.6623248203932492,7.0,4.0,3.0,4.0,1.0,4.0,3.0,1000.0,1000.0
331,0.3993845747726722,16.0,7.0,5.0,5.0,6.0,1.0,2.0,1000.0,1000.0
332,0.1316063170575999,17.0,9.0,8.0,6.0,9.0,4.0,3.0,1000.0,1000.0
333,-0.23198078084559998,7.0,6.0,8.0,3.0,1.0,3.0,1.0,1000.0,1000.0
334,0.9509006758817351,6.0,5.0,4.0,5.0,5.0,1.0,3.0,1000.0,1000.0
335,-1.0965185300649232,15.0,3.0,6.0,6.0,1.0,3.0,2.0,1000.0,1000.0
336,-1.9457994052929448,7.0,5.0,8.0,2.0,5.0,4.0,3.0,1000.0,1000.0
337,-0.02488563449707498,7.0,8.0,9.0,1.0,8.0,2.0,3.0,1000.0,1000.0
338,-0.12466112067362375,8.0,1.0,4.0,9.0,8.0,1.0,2.0,1000.0,1000.0
339,-0.15008450854188607,13.0,9.0,2.0,6.0,3.0,1.0,1.0,1000.0,1000.0
340,0.19156118310264003,12.0,3.0,6.0,6.0,8.0,1.0,2.0,1000.0,1000.0
341,-0.06974303637440536,6.0,1.0,5.0,9.0,4.0,1.0,2.0,1000.0,1000.0
342,-1.9695185448246988,7.0,6.0,5.0,7.0,8.0,3.0,3.0,1000.0,1000.0
343,0.47711989150446377,12.0,3.0,4.0,6.0,5.0,1.0,3.0,1000.0,1000.0
344,2.0961118067548776,17.0,6.0,6.0,2.0,7.0,3.0,2.0,1000.0,1000.0
345,-1.3502461691805185,8.0,5.0,8.0,8.0,2.0,4.0,2.0,1000.0,1000.0
346,-2.9342776683433134,15.0,1.0,1.0,9.0,3.0,4.0,3.0,1000.0,1000.0
347,-1.65334423291426,15.0,2.0,2.0,8.0,4.0,4.0,2.0,1000.0,1000.0
348,-2.2539587236513854,12.0,1.0,6.0,9.0,7.0,4.0,3.0,1000.0,1000.0
349,0.15580246255546243,19.0,6.0,7.0,3.0,4.0,3.0,2.0,1000.0,1000.0
350,-1.315187826036366,9.0,4.0,9.0,6.0,2.0,3.0,2.0,1000.0,1000.0
351,0.07208520599765622,15.0,6.0,5.0,8.0,3.0,2.0,3.0,1000.0,1000.0
352,0.06941674782924202,16.0,9.0,6.0,7.0,7.0,2.0,3.0,1000.0,1000.0
353,0.6590281563096473,17.0,8.0,5.0,5.0,8.0,1.0,3.0,1000.0,1000.0
354,1.027901081182349,8.0,7.0,7.0,4.0,7.0,1.0,2.0,1000.0,1000.0
355,0.12207835854826458,12.0,6.0,4.0,2.0,2.0,1.0,1.0,1000.0,1000.0
356,0.2336992556773069,14.0,6.0,2.0,3.0,7.0,3.0,2.0,1000.0,1000.0
357,-0.3092299895364411,14.0,6.0,9.0,4.0,6.0,4.0,1.0,1000.0,1000.0
358,0.21266930865744368,8.0,3.0,9.0,2.0,3.0,3.0,2.0,1000.0,1000.0
359,-0.9978328315968573,14.0,4.0,6.0,5.0,6.0,4.0,3.0,1000.0,1000.0
360,-0.2707046150724696,13.0,8.0,5.0,4.0,6.0,4.0,1.0,1000.0,1000.0
361,-0.3027958541626461,19.0,3.0,8.0,9.0,8.0,3.0,3.0,1000.0,1000.0
362,-1.136428111687203,18.0,4.0,9.0,8.0,6.0,4.0,2.0,1000.0,1000.0
363,0.9911967775108005,18.0,7.0,8.0,2.0,7.0,4.0,1.0,1000.0,1000.0
364,-0.7085962779084916,10.0,2.0,8.0,5.0,3.0,3.0,2.0,1000.0,1000.0
365,1.3466290469902014,6.0,3.0,3.0,2.0,9.0,2.0,2.0,1000.0,1000.0
366,-1.7984653201200107,14.0,9.0,5.0,9.0,2.0,4.0,2.0,1000.0,1000.0
367,-2.730800579461281,10.0,6.0,7.0,7.0,7.0,4.0,3.0,1000.0,1000.0
368,-1.5483141223632482,5.0,6.0,5.0,5.0,1.0,4.0,2.0,1000.0,1000.0
369,-3.09582634708832,7.0,7.0,1.0,6.0,7.0,4.0,3.0,1000.0,1000.0
370,1.9609648891620324,9.0,8.0,1.0,1.0,1.0,1.0,2.0,1000.0,1000.0
371,0.2153732827413626,13.0,8.0,4.0,7.0,4.0,2.0,3.0,1000.0,1000.0
372,2.612491931095898,7.0,9.0,6.0,3.0,7.0,1.0,3.0,1000.0,1000.0
373,1.3835069737669106,15.0,7.0,6.0,2.0,4.0,3.0,2.0,1000.0,1000.0
374,1.0656142411212317,14.0,5.0,2.0,5.0,9.0,1.0,3.0,1000.0,1000.0
375,-0.3528638933848398,9.0,6.0,3.0,5.0,6.0,4.0,1.0,1000.0,1000.0
376,-0.8874894789455429,12.0,9.0,5.0,2.0,1.0,3.0,3.0,1000.0,1000.0
377,-0.3139112132887026,19.0,1.0,6.0,7.0,9.0,2.0,1.0,1000.0,1000.0
378,1.4692879402539363,5.0,7.0,3.0,4.0,4.0,1.0,3.0,1000.0,1000.0
379,0.8624462010754114,17.0,2.0,2.0,5.0,8.0,2.0,3.0,1000.0,1000.0
380,0.07344779107093055,11.0,3.0,6.0,9.0,7.0,1.0,1.0,1000.0,1000.0
381,-0.35596704505002785,15.0,2.0,5.0,8.0,9.0,4.0,1.0,1000.0,1000.0
382,0.09113028486804634,9.0,5.0,8.0,2.0,6.0,3.0,3.0,1000.0,1000.0
383,-0.11787682758638414,14.0,2.0,6.0,9.0,2.0,3.0,1.0,1000.0,1000.0
384,0.3801875111274349,14.0,7.0,9.0,7.0,6.0,2.0,1.0,1000.0,1000.0
385,1.996533380358916,12.0,3.0,7.0,2.0,6.0,1.0,3.0,1000.0,1000.0
386,-0.2990783721449163,13.0,2.0,1.0,7.0,6.0,3.0,2.0,1000.0,1000.0
387,0.016342838847517825,17.0,3.0,9.0,8.0,6.0,1.0,2.0,1000.0,1000.0
388,0.029065492540628502,19.0,9.0,3.0,7.0,4.0,1.0,2.0,1000.0,1000.0
389,0.5109203627561811,12.0,3.0,4.0,2.0,3.0,1.0,1.0,1000.0,1000.0
390,-0.03228759915620533,11.0,3.0,4.0,6.0,7.0,3.0,1.0,1000.0,1000.0
391,-1.4217537050898055,14.0,3.0,5.0,6.0,7.0,4.0,3.0,1000.0,1000.0
392,0.749874247971197,18.0,6.0,2.0,5.0,9.0,1.0,2.0,1000.0,1000.0
393,0.24757555273068438,15.0,3.0,9.0,8.0,6.0,2.0,2.0,1000.0,1000.0
394,0.6663940383803905,17.0,3.0,1.0,1.0,1.0,4.0,3.0,1000.0,1000.0
395,-0.06935713353756168,8.0,2.0,9.0,3.0,5.0,2.0,1.0,1000.0,1000.0
396,0.26858482096281205,13.0,9.0,4.0,9.0,8.0,3.0,3.0,1000.0,1000.0
397,1.4263198739595875,18.0,3.0,2.0,3.0,7.0,3.0,3.0,1000.0,1000.0
398,-0.17172474452001657,17.0,6.0,4.0,8.0,6.0,3.0,1.0,1000.0,1000.0
399,2.322816528311338,19.0,4.0,5.0,2.0,6.0,2.0,3.0,1000.0,1000.0
400,-2.092775617311194,8.0,3.0,3.0,4.0,2.0,3.0,3.0,1000.0,1000.0
401,-0.19360988442224264,12.0,4.0,4.0,8.0,2.0,2.0,2.0,1000.0,1000.0
402,-1.697626302090941,8.0,3.0,1.0,9.0,6.0,4.0,2.0,1000.0,1000.0
403,0.08396824099257995,15.0,1.0,1.0,8.0,8.0,2.0,3.0,1000.0,1000.0
404,-0.591685794970549,12.0,6.0,6.0,8.0,7.0,3.0,3.0,1000.0,1000.0
405,0.14869643139582822,10.0,3.0,4.0,8.0,6.0,1.0,3.0,1000.0,1000.0
406,0.5476298264171715,15.0,4.0,2.0,9.0,5.0,1.0,3.0,1000.0,1000.0
407,-1.7709759109128422,7.0,3.0,1.0,6.0,5.0,3.0,2.0,1000.0,1000.0
408,0.12200462514986557,14.0,8.0,5.0,8.0,8.0,1.0,2.0,1000.0,1000.0
409,2.658804770175456,16.0,9.0,1.0,2.0,6.0,3.0,2.0,1000.0,1000.0
410,0.10524663726768067,15.0,6.0,9.0,3.0,9.0,1.0,1.0,1000.0,1000.0
411,1.3539955284903968,19.0,4.0,3.0,1.0,3.0,3.0,2.0,1000.0,1000.0
412,-0.07131287481518808,15.0,6.0,8.0,5.0,5.0,2.0,1.0,1000.0,1000.0
413,-0.11507852287761267,16.0,4.0,4.0,8.0,6.0,3.0,3.0,1000.0,1000.0
414,-0.011530900231232967,16.0,3.0,4.0,8.0,8.0,1.0,2.0,1000.0,1000.0
415,-0.02570879626912785,14.0,1.0,4.0,4.0,5.0,3.0,1.0,1000.0,1000.0
416,-0.8382784132793939,17.0,5.0,4.0,9.0,1.0,3.0,3.0,1000.0,1000.0
417,-0.3783431436657722,12.0,1.0,5.0,5.0,5.0,3.0,1.0,1000.0,1000.0
418,-0.4740011026988298,6.0,7.0,9.0,5.0,6.0,2.0,3.0,1000.0,1000.0
419,0.19497755050504406,8.0,9.0,5.0,1.0,6.0,3.0,3.0,1000.0,1000.0
420,0.06445777456403529,10.0,3.0,7.0,6.0,3.0,1.0,2.0,1000.0,1000.0
421,-0.8262330251714893,5.0,2.0,6.0,8.0,6.0,3.0,2.0,1000.0,1000.0
422,-0.2938263792442343,18.0,4.0,4.0,8.0,2.0,2.0,1.0,1000.0,1000.0
423,0.10958256120005089,19.0,3.0,7.0,3.0,2.0,2.0,3.0,1000.0,1000.0
424,0.7413085549544005,7.0,5.0,4.0,6.0,6.0,1.0,2.0,1000.0,1000.0
425,0.11722948577447197,10.0,6.0,1.0,2.0,1.0,2.0,2.0,1000.0,1000.0
426,-0.26565236991239416,13.0,7.0,5.0,8.0,5.0,4.0,1.0,1000.0,1000.0
427,-1.3185824960880173,14.0,8.0,4.0,5.0,4.0,4.0,3.0,1000.0,1000.0
428,0.2874636125161188,12.0,6.0,7.0,7.0,4.0,1.0,2.0,1000.0,1000.0
429,0.0307291274134154,16.0,8.0,1.0,4.0,3.0,4.0,1.0,1000.0,1000.0
430,1.1354219496235525,14.0,5.0,4.0,3.0,5.0,3.0,2.0,1000.0,1000.0
431,-1.6772767682599867,5.0,1.0,7.0,3.0,9.0,4.0,3.0,1000.0,1000.0
432,-0.3129599296748722,10.0,8.0,4.0,7.0,3.0,2.0,3.0,1000.0,1000.0
433,-0.11638807322717275,14.0,7.0,4.0,3.0,2.0,3.0,1.0,1000.0,1000.0
434,0.4788941041416517,5.0,3.0,4.0,1.0,5.0,4.0,1.0,1000.0,1000.0
435,1.0309848751414412,8.0,2.0,3.0,1.0,7.0,1.0,2.0,1000.0,1000.0
436,0.13088580296942598,5.0,3.0,5.0,3.0,4.0,1.0,3.0,1000.0,1000.0
437,-2.4367804772818964,5.0,3.0,4.0,9.0,7.0,3.0,3.0,1000.0,1000.0
438,-0.031842915633899176,13.0,9.0,8.0,9.0,3.0,2.0,2.0,1000.0,1000.0
439,0.8116226289518311,10.0,2.0,1.0,3.0,6.0,4.0,2.0,1000.0,1000.0
440,1.5889955057765,6.0,8.0,9.0,1.0,4.0,2.0,2.0,1000.0,1000.0
441,-0.32723470977027014,8.0,7.0,1.0,6.0,2.0,4.0,1.0,1000.0,1000.0
442,-0.2807413458097375,6.0,4.0,4.0,9.0,7.0,2.0,1.0,1000.0,1000.0
443,1.443912041330774,11.0,6.0,1.0,4.0,5.0,1.0,2.0,1000.0,1000.0
444,0.25144698946489213,11.0,3.0,2.0,2.0,7.0,4.0,3.0,1000.0,1000.0
445,1.1867140301493808,19.0,8.0,7.0,1.0,2.0,3.0,2.0,1000.0,1000.0
446,-0.07811986188421816,13.0,4.0,7.0,7.0,4.0,2.0,1.0,1000.0,1000.0
447,-0.3463168826759096,15.0,7.0,9.0,7.0,7.0,2.0,2.0,1000.0,1000.0
448,-0.3252701864698913,19.0,4.0,5.0,4.0,4.0,2.0,1.0,1000.0,1000.0
449,-0.3559658601847589,6.0,3.0,8.0,7.0,8.0,4.0,1.0,1000.0,1000.0
450,1.3517111438256628,10.0,8.0,7.0,1.0,6.0,3.0,1.0,1000.0,1000.0
451,-0.45519461893281293,15.0,7.0,4.0,9.0,8.0,4.0,1.0,1000.0,1000.0
452,0.47459333222397143,6.0,7.0,5.0,8.0,6.0,1.0,2.0,1000.0,1000.0
453,-0.9676899146685171,9.0,2.0,7.0,9.0,8.0,3.0,2.0,1000.0,1000.0
454,-0.13593330126530404,17.0,1.0,9.0,8.0,9.0,1.0,1.0,1000.0,1000.0
455,0.046767629834125295,11.0,1.0,7.0,1.0,2.0,2.0,2.0,1000.0,1000.0
456,0.13357969187672616,7.0,4.0,1.0,8.0,9.0,1.0,2.0,1000.0,1000.0
457,-2.4045884940657345,8.0,6.0,9.0,6.0,8.0,4.0,3.0,1000.0,1000.0
458,0.6087162839455914,5.0,3.0,5.0,4.0,4.0,1.0,2.0,1000.0,1000.0
459,0.9760244843537876,19.0,2.0,5.0,1.0,7.0,3.0,3.0,1000.0,1000.0
460,3.7778994936378356,14.0,6.0,1.0,1.0,6.0,2.0,3.0,1000.0,1000.0
461,-0.2274550007858455,19.0,4.0,9.0,6.0,5.0,1.0,1.0,1000.0,1000.0
462,0.5506054354474283,9.0,6.0,3.0,7.0,6.0,2.0,3.0,1000.0,1000.0
463,1.777178982216389,7.0,9.0,4.0,4.0,9.0,1.0,3.0,1000.0,1000.0
464,0.6022431802236101,9.0,6.0,6.0,8.0,7.0,1.0,2.0,1000.0,1000.0
465,1.180171861528874,9.0,4.0,2.0,5.0,5.0,1.0,3.0,1000.0,1000.0
466,0.14408543766254545,11.0,9.0,5.0,8.0,6.0,2.0,2.0,1000.0,1000.0
467,-2.259033087372277,14.0,5.0,5.0,8.0,1.0,3.0,3.0,1000.0,1000.0
468,-0.6657473859941018,9.0,6.0,3.0,9.0,4.0,2.0,2.0,1000.0,1000.0
469,1.2438680902242234,17.0,7.0,7.0,1.0,9.0,3.0,1.0,1000.0,1000.0
470,-0.06111217018163735,15.0,2.0,4.0,3.0,6.0,3.0,1.0,1000.0,1000.0
471,-0.03722617531620146,18.0,4.0,6.0,5.0,9.0,2.0,1.0,1000.0,1000.0
472,1.4608909821018807,19.0,4.0,4.0,2.0,5.0,2.0,3.0,1000.0,1000.0
473,0.002990562541158507,14.0,9.0,2.0,2.0,2.0,3.0,3.0,1000.0,1000.0
474,1.343199524910423,18.0,9.0,6.0,4.0,5.0,3.0,3.0,1000.0,1000.0
475,0.7943533263439613,11.0,9.0,9.0,4.0,3.0,2.0,3.0,1000.0,1000.0
476,-1.595068261401261,10.0,9.0,4.0,7.0,5.0,3.0,2.0,1000.0,1000.0
477,-0.18205079986590506,19.0,6.0,9.0,5.0,2.0,3.0,1.0,1000.0,1000.0
478,-0.1739635305362368,9.0,7.0,8.0,5.0,3.0,2.0,3.0,1000.0,1000.0
479,-0.32748564710660005,5.0,3.0,7.0,6.0,6.0,4.0,1.0,1000.0,1000.0
480,0.07178990609731906,16.0,8.0,7.0,6.0,3.0,1.0,1.0,1000.0,1000.0
481,2.0707156278731436,11.0,6.0,4.0,2.0,7.0,1.0,2.0,1000.0,1000.0
482,-0.16080649851620857,9.0,5.0,3.0,7.0,5.0,1.0,1.0,1000.0,1000.0
483,-0.7540056449374254,7.0,1.0,6.0,5.0,8.0,3.0,2.0,1000.0,1000.0
484,-0.49249028084126695,11.0,8.0,2.0,5.0,6.0,4.0,1.0,1000.0,1000.0
485,0.3453703534961127,19.0,1.0,1.0,6.0,2.0,3.0,3.0,1000.0,1000.0
486,-0.02622884864038268,17.0,6.0,4.0,6.0,6.0,3.0,2.0,1000.0,1000.0
487,-0.028005980535723757,7.0,2.0,7.0,8.0,3.0,1.0,3.0,1000.0,1000.0
488,0.5917960011734513,7.0,7.0,2.0,2.0,3.0,1.0,2.0,1000.0,1000.0
489,1.3110698294902239,15.0,9.0,4.0,1.0,2.0,3.0,2.0,1000.0,1000.0
490,-0.14466791331044432,18.0,2.0,9.0,6.0,5.0,1.0,2.0,1000.0,1000.0
491,1.3035452612152627,18.0,2.0,2.0,2.0,5.0,3.0,3.0,1000.0,1000.0
492,-0.17260773757508435,11.0,3.0,8.0,8.0,8.0,3.0,1.0,1000.0,1000.0
493,0.13221354549172865,9.0,7.0,7.0,4.0,4.0,2.0,2.0,1000.0,1000.0
494,-0.12810739290158768,9.0,4.0,5.0,8.0,1.0,1.0,1.0,1000.0,1000.0
495,-0.9219331183481143,10.0,9.0,7.0,3.0,4.0,4.0,3.0,1000.0,1000.0
496,0.5116414568024601,5.0,5.0,7.0,1.0,9.0,3.0,2.0,1000.0,1000.0
497,2.086850759176478,15.0,9.0,5.0,1.0,7.0,3.0,2.0,1000.0,1000.0
498,0.1217253188347571,5.0,4.0,7.0,7.0,9.0,1.0,2.0,1000.0,1000.0
499,0.6388141564795081,16.0,5.0,4.0,5.0,1.0,1.0,3.0,1000.0,1000.0
